touch_trace,ms,count,x0,y0,x1,y1,raw0,raw1,raw2,raw3,raw4,raw5,raw6,raw7
touch_trace,0,1,100,120,0,0,0,0,0,0,0,0,0,0
touch_trace,20,1,100,120,0,0,0,0,0,0,0,0,0,0
touch_trace,80,1,100,120,0,0,0,0,0,0,0,0,0,0
touch_trace,95,1,101,120,0,0,0,0,0,0,0,0,0,0
touch_trace,150,1,101,121,0,0,0,0,0,0,0,0,0,0
touch_trace,170,0,0,0,0,0,0,0,0,0,0,0,0,0
touch_trace,210,0,0,0,0,0,0,0,0,0,0,0,0,0
touch_trace,250,1,240,260,0,0,0,0,0,0,0,0,0,0
touch_trace,270,1,240,260,0,0,0,0,0,0,0,0,0,0
touch_trace,300,0,0,0,0,0,0,0,0,0,0,0,0,0
touch_trace,340,0,0,0,0,0,0,0,0,0,0,0,0,0
